Workbook
Name 版块: [1]项目性质!$K$1:$K$7
Name 电力建设类: [2]数据源!$I$4:$I$7
Name 电力生产类: [2]数据源!$H$4:$H$7
Name 发电企业: [3]电厂!$C$2:$C$189

Sheet 统计
J1: 授权专利总体统计情况 | N1: 授权专利逐年分布情况
A2: 组别 | B2: 要求 | C2: 单位简称 | D2: 授权的管理专利（实用+发明） | E2: 公式特征 | F2: 辅助列 | G2: 情况说明 | J2: 授权专利 | K2: 申请中专利 | L2: 作废专利 | N2: 2016 | O2: 2017 | P2: 2018 | Q2: 2019 | R2: 2020 | S2: 2021 | T2: 2022 | U2: 2023 | V2: 2024
A3: 未去重 | B3: “公司1”授权的实用新型和发明专利（不考虑重复填报情况） | C3: 公司1 | D3: =COUNTIFS(专利!$A:$A,"*"&$C3&"*",专利!$D:$D,"发明",专利!$F:$F,"授权")+COUNTIFS(专利!$A:$A,"*"&$C3&"*",专利!$D:$D,"实用新型",专利!$F:$F,"授权") -> 50 | E3: 多个COUNTIFS相加 | G3: ×（适用于没有重复名称的表格） | I3: 未去重 | J3: =COUNTIFS(专利!$A:$A,"*"&$C3&"*",专利!$F:$F,"授权") -> 51 | K3: =COUNTIFS(专利!$A:$A,"*"&$C3&"*",专利!$F:$F,"受理") -> 11 | L3: {=SUM(COUNTIFS(专利!$A:$A,"*"&$C3&"*",专利!$F:$F,{"*驳回","*撤回","*终止"}))} -> 0 | N3: =COUNTIFS(专利!$A:$A,"*"&$C3&"*",专利!$F:$F,"授权",专利!$G:$G,"<="&DATE(2016,12,31)) -> 0 | O3: =COUNTIFS(专利!$A:$A,"*"&$C3&"*",专利!$F:$F,"授权",专利!$G:$G,">="&DATE(O$2,1,1),专利!$G:$G,"<="&DATE(O$2,12,31)) -> 1 | P3: =COUNTIFS(专利!$A:$A,"*"&$C3&"*",专利!$F:$F,"授权",专利!$G:$G,">="&DATE(P$2,1,1),专利!$G:$G,"<="&DATE(P$2,12,31)) -> 0 | Q3: =COUNTIFS(专利!$A:$A,"*"&$C3&"*",专利!$F:$F,"授权",专利!$G:$G,">="&DATE(Q$2,1,1),专利!$G:$G,"<="&DATE(Q$2,12,31)) -> 4 | R3: =COUNTIFS(专利!$A:$A,"*"&$C3&"*",专利!$F:$F,"授权",专利!$G:$G,">="&DATE(R$2,1,1),专利!$G:$G,"<="&DATE(R$2,12,31)) -> 1 | S3: =COUNTIFS(专利!$A:$A,"*"&$C3&"*",专利!$F:$F,"授权",专利!$G:$G,">="&DATE(S$2,1,1),专利!$G:$G,"<="&DATE(S$2,12,31)) -> 6 | T3: =COUNTIFS(专利!$A:$A,"*"&$C3&"*",专利!$F:$F,"授权",专利!$G:$G,">="&DATE(T$2,1,1),专利!$G:$G,"<="&DATE(T$2,12,31)) -> 20 | U3: =COUNTIFS(专利!$A:$A,"*"&$C3&"*",专利!$F:$F,"授权",专利!$G:$G,">="&DATE(U$2,1,1),专利!$G:$G,"<="&DATE(U$2,12,31)) -> 12 | V3: =COUNTIFS(专利!$A:$A,"*"&$C3&"*",专利!$F:$F,"授权",专利!$G:$G,">="&DATE(V$2,1,1),专利!$G:$G,"<="&DATE(V$2,12,31)) -> 7
B4: “公司1”授权的实用新型和发明专利（不考虑重复填报情况） | C4: 公司1 | D4: {=SUM(COUNTIFS(专利!$A:$A,"*"&$C4&"*",专利!$D:$D,{"发明","实用新型"},专利!$F:$F,"授权"))} -> 50 | E4: SUM + COUNTIFS + {}，整列检索 | G4: ×（适用于没有重复名称的表格） | I4: 去重后 | J4: {=SUM(IFERROR( 1/COUNTIFS( INDIRECT("专利!$A2:$A"&"1000"),"*"&$C4&"*", INDIRECT("专利!$F2:$F"&"1000"),"授权", INDIRECT("专利!$B2:$B"&"1000"),INDIRECT("专利!$B2:$B"&"1000") )* (INDIRECT("专利!$A2:$A"&"1000")=$C4)* (INDIRECT("专利!$F2:$F"&"1000")="授权"), 0))} -> 48 | K4: {=SUM(IFERROR( 1/COUNTIFS( INDIRECT("专利!$A2:$A"&"1000"),"*"&$C4&"*", INDIRECT("专利!$F2:$F"&"1000"),"受理", INDIRECT("专利!$B2:$B"&"1000"),INDIRECT("专利!$B2:$B"&"1000") )* (INDIRECT("专利!$A2:$A"&"1000")=$C4)* (INDIRECT("专利!$F2:$F"&"1000")="受理"), 0))} -> 10 | L4: {=SUM(IFERROR( 1/COUNTIFS( INDIRECT("专利!$A2:$A"&"1000"),"*"&$C4&"*", INDIRECT("专利!$F2:$F"&"1000"),{"*驳回","*撤回","*终止"}, INDIRECT("专利!$B2:$B"&"1000"),INDIRECT("专利!$B2:$B"&"1000") )* (INDIRECT("专利!$A2:$A"&"1000")=$C4)* ( ISNUMBER(SEARCH("驳回",INDIRECT("专利!$F2:$F"&"1000"))) + ISNUMBER(SEARCH("撤回", INDIRECT("专利!$F2:$F"&"1000"))) + ISNUMBER(SEARCH("终止", INDIRECT("专利!$F2:$F"&"1000"))) > 0), 0))} -> 0 | N4: {=SUM(IFERROR( 1/COUNTIFS( INDIRECT("专利!$A2:$A"&"1000"),"*"&$C4&"*", INDIRECT("专利!$F2:$F"&"1000"),"授权", INDIRECT("专利!$G2:$G"&"1000"),"<="&DATE(2016,12,31), INDIRECT("专利!$B2:$B"&"1000"),INDIRECT("专利!$B2:$B"&"1000") )* (INDIRECT("专利!$A2:$A"&"1000")=$C4)* (INDIRECT("专利!$G2:$G"&"1000")<=DATE(2016,12,31))* (INDIRECT("专利!$F2:$F"&"1000")="授权"), 0))} -> 0 | O4: {=SUM(IFERROR( 1/COUNTIFS( INDIRECT("专利!$A2:$A"&"1000"),"*"&$C4&"*", INDIRECT("专利!$F2:$F"&"1000"),"授权", INDIRECT("专利!$G2:$G"&"1000"),">="&DATE(O$2,1,1), INDIRECT("专利!$G2:$G"&"1000"),"<="&DATE(O$2,12,31), INDIRECT("专利!$B2:$B"&"1000"),INDIRECT("专利!$B2:$B"&"1000") )* (INDIRECT("专利!$A2:$A"&"1000")=$C4)* (INDIRECT("专利!$G2:$G"&"1000")>=DATE(O$2,1,1))* (INDIRECT("专利!$G2:$G"&"1000")<=DATE(O$2,12,31))* (INDIRECT("专利!$F2:$F"&"1000")="授权"), 0))} -> 1 | P4: {=SUM(IFERROR( 1/COUNTIFS( INDIRECT("专利!$A2:$A"&"1000"),"*"&$C4&"*", INDIRECT("专利!$F2:$F"&"1000"),"授权", INDIRECT("专利!$G2:$G"&"1000"),">="&DATE(P$2,1,1), INDIRECT("专利!$G2:$G"&"1000"),"<="&DATE(P$2,12,31), INDIRECT("专利!$B2:$B"&"1000"),INDIRECT("专利!$B2:$B"&"1000") )* (INDIRECT("专利!$A2:$A"&"1000")=$C4)* (INDIRECT("专利!$G2:$G"&"1000")>=DATE(P$2,1,1))* (INDIRECT("专利!$G2:$G"&"1000")<=DATE(P$2,12,31))* (INDIRECT("专利!$F2:$F"&"1000")="授权"), 0))} -> 0 | Q4: {=SUM(IFERROR( 1/COUNTIFS( INDIRECT("专利!$A2:$A"&"1000"),"*"&$C4&"*", INDIRECT("专利!$F2:$F"&"1000"),"授权", INDIRECT("专利!$G2:$G"&"1000"),">="&DATE(Q$2,1,1), INDIRECT("专利!$G2:$G"&"1000"),"<="&DATE(Q$2,12,31), INDIRECT("专利!$B2:$B"&"1000"),INDIRECT("专利!$B2:$B"&"1000") )* (INDIRECT("专利!$A2:$A"&"1000")=$C4)* (INDIRECT("专利!$G2:$G"&"1000")>=DATE(Q$2,1,1))* (INDIRECT("专利!$G2:$G"&"1000")<=DATE(Q$2,12,31))* (INDIRECT("专利!$F2:$F"&"1000")="授权"), 0))} -> 2 | R4: {=SUM(IFERROR( 1/COUNTIFS( INDIRECT("专利!$A2:$A"&"1000"),"*"&$C4&"*", INDIRECT("专利!$F2:$F"&"1000"),"授权", INDIRECT("专利!$G2:$G"&"1000"),">="&DATE(R$2,1,1), INDIRECT("专利!$G2:$G"&"1000"),"<="&DATE(R$2,12,31), INDIRECT("专利!$B2:$B"&"1000"),INDIRECT("专利!$B2:$B"&"1000") )* (INDIRECT("专利!$A2:$A"&"1000")=$C4)* (INDIRECT("专利!$G2:$G"&"1000")>=DATE(R$2,1,1))* (INDIRECT("专利!$G2:$G"&"1000")<=DATE(R$2,12,31))* (INDIRECT("专利!$F2:$F"&"1000")="授权"), 0))} -> 1 | S4: {=SUM(IFERROR( 1/COUNTIFS( INDIRECT("专利!$A2:$A"&"1000"),"*"&$C4&"*", INDIRECT("专利!$F2:$F"&"1000"),"授权", INDIRECT("专利!$G2:$G"&"1000"),">="&DATE(S$2,1,1), INDIRECT("专利!$G2:$G"&"1000"),"<="&DATE(S$2,12,31), INDIRECT("专利!$B2:$B"&"1000"),INDIRECT("专利!$B2:$B"&"1000") )* (INDIRECT("专利!$A2:$A"&"1000")=$C4)* (INDIRECT("专利!$G2:$G"&"1000")>=DATE(S$2,1,1))* (INDIRECT("专利!$G2:$G"&"1000")<=DATE(S$2,12,31))* (INDIRECT("专利!$F2:$F"&"1000")="授权"), 0))} -> 5 | T4: {=SUM(IFERROR( 1/COUNTIFS( INDIRECT("专利!$A2:$A"&"1000"),"*"&$C4&"*", INDIRECT("专利!$F2:$F"&"1000"),"授权", INDIRECT("专利!$G2:$G"&"1000"),">="&DATE(T$2,1,1), INDIRECT("专利!$G2:$G"&"1000"),"<="&DATE(T$2,12,31), INDIRECT("专利!$B2:$B"&"1000"),INDIRECT("专利!$B2:$B"&"1000") )* (INDIRECT("专利!$A2:$A"&"1000")=$C4)* (INDIRECT("专利!$G2:$G"&"1000")>=DATE(T$2,1,1))* (INDIRECT("专利!$G2:$G"&"1000")<=DATE(T$2,12,31))* (INDIRECT("专利!$F2:$F"&"1000")="授权"), 0))} -> 20 | U4: {=SUM(IFERROR( 1/COUNTIFS( INDIRECT("专利!$A2:$A"&"1000"),"*"&$C4&"*", INDIRECT("专利!$F2:$F"&"1000"),"授权", INDIRECT("专利!$G2:$G"&"1000"),">="&DATE(U$2,1,1), INDIRECT("专利!$G2:$G"&"1000"),"<="&DATE(U$2,12,31), INDIRECT("专利!$B2:$B"&"1000"),INDIRECT("专利!$B2:$B"&"1000") )* (INDIRECT("专利!$A2:$A"&"1000")=$C4)* (INDIRECT("专利!$G2:$G"&"1000")>=DATE(U$2,1,1))* (INDIRECT("专利!$G2:$G"&"1000")<=DATE(U$2,12,31))* (INDIRECT("专利!$F2:$F"&"1000")="授权"), 0))} -> 12 | V4: {=SUM(IFERROR( 1/COUNTIFS( INDIRECT("专利!$A2:$A"&"1000"),"*"&$C4&"*", INDIRECT("专利!$F2:$F"&"1000"),"授权", INDIRECT("专利!$G2:$G"&"1000"),">="&DATE(V$2,1,1), INDIRECT("专利!$G2:$G"&"1000"),"<="&DATE(V$2,12,31), INDIRECT("专利!$B2:$B"&"1000"),INDIRECT("专利!$B2:$B"&"1000") )* (INDIRECT("专利!$A2:$A"&"1000")=$C4)* (INDIRECT("专利!$G2:$G"&"1000")>=DATE(V$2,1,1))* (INDIRECT("专利!$G2:$G"&"1000")<=DATE(V$2,12,31))* (INDIRECT("专利!$F2:$F"&"1000")="授权"), 0))} -> 7
B5: “公司1”授权的实用新型和发明专利（不考虑重复填报情况） | C5: 公司3 | D5: =SUM( COUNTIFS( INDIRECT("专利!$A1:$A"&F5),"*"&$C5&"*", INDIRECT("专利!$D1:$D"&F5),{"发明","实用新型"}, INDIRECT("专利!$F1:$F"&F5),"授权") ) -> 5 | E5: SUM + COUNTIFS + {} +INDIRECT，依据辅助列限定检索范围 | F5: =COUNTA(专利!B:B)+1 -> 136 | G5: ×（适用于没有重复名称的表格）
A6: 去重后 | B6: “公司1”授权的实用新型和发明专利（根据专利名称排除重复填报的条目） | C6: 公司1 | D6: {=SUM(IFERROR( 1/COUNTIFS( INDIRECT("专利!$A2:$A"&F6),"*"&$C6&"*", INDIRECT("专利!$D2:$D"&F6),{"发明","实用新型"}, INDIRECT("专利!$F2:$F"&F6),"授权", INDIRECT("专利!$B2:$B"&F6),INDIRECT("专利!$B2:$B"&F6) )* (INDIRECT("专利!$A2:$A"&F6)=C6)* (INDIRECT("专利!$D2:$D"&F6)={"发明","实用新型"})* (INDIRECT("专利!$F2:$F"&F6)="授权"), 0))} -> 47 | E6: 数组公式 + SUM + IFERROR + 1/COUNTIFS + {}，依据辅助列限定检索范围，通过 * 去重 | F6: =COUNTA(专利!B:B)+1 -> 136 | G6: 建议使用 | H6: {=SUM(IFERROR( 1/COUNTIFS( INDIRECT("专利!$A2:$A"&F6),"*"&$C6&"*", INDIRECT("专利!$D2:$D"&F6),{"发明","实用新型"}, INDIRECT("专利!$F2:$F"&F6),"授权", INDIRECT("专利!$B2:$B"&F6),INDIRECT("专利!$B2:$B"&F6) ), 0))} -> 47.833333 | I6: =INT(H6) -> 47 | J6: {=SUM(IFERROR( 1/COUNTIFS( INDIRECT("专利!$C2:$C"&F6),"*"&$C6&"*", INDIRECT("专利!$D2:$D"&F6),{"发明","实用新型"}, INDIRECT("专利!$F2:$F"&F6),"授权", INDIRECT("专利!$B2:$B"&F6),INDIRECT("专利!$B2:$B"&F6) )* (ISNUMBER(SEARCH(C6,INDIRECT("专利!$C2:$C"&F6))))* (INDIRECT("专利!$D2:$D"&F6)={"发明","实用新型"})* (INDIRECT("专利!$F2:$F"&F6)="授权"), 0))} -> 47 | K6: ←不对A列统计，对C列统计【有待验证是否会模糊匹配其他单位名称】
B7: “公司1”授权的实用新型和发明专利（根据专利名称排除重复填报的条目） | C7: 公司1 | D7: {=SUMPRODUCT(IFERROR( 1/COUNTIFS( INDIRECT("专利!$A2:$A"&F7),"*"&$C7&"*", INDIRECT("专利!$D2:$D"&F7),{"发明","实用新型"}, INDIRECT("专利!$F2:$F"&F7),"授权", INDIRECT("专利!$B2:$B"&F7),INDIRECT("专利!$B2:$B"&F7) )* (INDIRECT("专利!$A2:$A"&F7)=C7)* (INDIRECT("专利!$D2:$D"&F7)={"发明","实用新型"})* (INDIRECT("专利!$F2:$F"&F7)="授权"), 0))} -> 47 | E7: 数组公式 + SUMPRODUCT + IFERROR + 1/COUNTIFS + {}，依据辅助列限定检索范围，通过 * 去重 | F7: =COUNTA(专利!B:B)+1 -> 136 | G7: 备用推荐 | H7: {=SUMPRODUCT(IFERROR(1/COUNTIFS(INDIRECT("专利!$A2:$A"&F7),"*"&$C7&"*",INDIRECT("专利!$D2:$D"&F7),{"发明","实用新型"},INDIRECT("专利!$F2:$F"&F7),"授权",INDIRECT("专利!$B2:$B"&F7),INDIRECT("专利!$B2:$B"&F7)),0))} -> 47.833333 | I7: =INT(H7) -> 47
B8: “公司1”授权的第一权利人实用新型和发明专利（根据专利名称排除重复填报的条目） | C8: 公司1 | D8: {=SUMPRODUCT(IFERROR( 1/COUNTIFS( INDIRECT("专利!$A2:$A"&F8),"*"&$C8&"*", INDIRECT("专利!$D2:$D"&F8),{"发明","实用新型"}, INDIRECT("专利!$F2:$F"&F8),"授权", INDIRECT("专利!$H2:$H"&F8),"是", INDIRECT("专利!$B2:$B"&F8),INDIRECT("专利!$B2:$B"&F8) )* (INDIRECT("专利!$A2:$A"&F8)=C8)* (INDIRECT("专利!$D2:$D"&F8)={"发明","实用新型"})* (INDIRECT("专利!$F2:$F"&F8)="授权")* (INDIRECT("专利!$H2:$H"&F8)="是"), 0))} -> 46 | E8: 数组公式 + SUMPRODUCT + IFERROR + 1/COUNTIFS + {}，依据辅助列限定检索范围，通过 * 去重 | F8: =COUNTA(专利!B:B)+1 -> 136 | G8: 增加限制条件时，2个地方对应添加限制条件即可 | H8: {=SUMPRODUCT(IFERROR(1/COUNTIFS(INDIRECT("专利!$A2:$A"&F8),"*"&$C8&"*",INDIRECT("专利!$D2:$D"&F8),{"发明","实用新型"},INDIRECT("专利!$F2:$F"&F8),"授权",INDIRECT("专利!$H2:$H"&F8),"是",INDIRECT("专利!$B2:$B"&F8),INDIRECT("专利!$B2:$B"&F8)),0))} -> 46.833333 | I8: =INT(H8) -> 46

Sheet 专利
A2: 单位 | B2: 专利名称 | C2: 申请/专利权人 | D2: 专利类型 | E2: 申请日期 | F2: 法律状态 | G2: 授权日期 | H2: 第一权利人 | I2: 经费投入 | J2: 备注
A3: 公司1 | B3: 专利1 | C3: 公司1 | D3: 外观设计 | E3: 42641 | F3: 授权 | G3: 42830 | H3: 是 | I3: 1500
A4: 公司1 | B4: 专利2 | C4: 公司1 | D4: 实用新型 | E4: 43583 | F4: 授权 | G4: 43812 | H4: 是 | I4: 4000
A5: 公司1 | B5: 专利3 | C5: 公司1 | D5: 实用新型 | E5: 43583 | F5: 授权 | G5: 43812 | H5: 是 | I5: 4000
A6: 公司1 | B6: 专利3 | C6: 公司1 | D6: 实用新型 | E6: 43583 | F6: 专利权许可 | G6: 43812 | H6: 是 | I6: 4000 | J6: 重复的记录（新状态）
J7: 空行
A8: 公司1 | B8: 专利3 | C8: 公司1 | D8: 实用新型 | E8: 43583 | F8: 授权 | G8: 43812 | H8: 是 | I8: 4000 | J8: 重复的授权记录
A9: 公司1 | B9: 专利3 | C9: 公司1 | D9: 实用新型 | E9: 43583 | F9: 授权 | G9: 43812 | H9: 是 | I9: 4000 | J9: 重复的授权记录
A10: 公司1 | B10: 专利4 | C10: 公司1 | D10: 实用新型 | E10: 43686 | F10: 授权 | G10: 43942 | H10: 否 | I10: 4000
A11: 公司1 | B11: 专利5 | C11: 公司1 | D11: 实用新型 | E11: 44123 | F11: 授权 | G11: 44344 | H11: 是 | I11: 4000
A12: 公司1 | B12: 专利5 | C12: 公司1 | D12: 实用新型 | E12: 44123 | F12: 授权 | G12: 44344 | H12: 是 | I12: 4000 | J12: 重复的授权记录
A13: 公司1 | B13: 专利5 | C13: 公司1 | D13: 实用新型 | E13: 44123 | F13: 专利权转移 | G13: 44344 | H13: 是 | I13: 4000 | J13: 重复的记录
A14: 公司1 | B14: 专利6 | C14: 公司1 | D14: 实用新型 | E14: 44123 | F14: 授权 | G14: 44351 | H14: 是 | I14: 4000
A15: 公司1 | B15: 专利7 | C15: 公司1 | D15: 实用新型 | E15: 44159 | F15: 授权 | G15: 44488 | H15: 是 | I15: 4000
A16: 公司1 | B16: 专利8 | C16: 公司1 | D16: 发明专利 | E16: 44404 | F16: 受理 | H16: 是 | I16: 2000
A17: 公司1 | B17: 专利8 | C17: 公司1 | D17: 发明专利 | E17: 44404 | F17: 受理 | H17: 是 | I17: 2000 | J17: 重复的受理记录
A18: 公司1 | B18: 专利9 | C18: 公司1 | D18: 发明专利 | E18: 44404 | F18: 受理 | H18: 是 | I18: 2000
A19: 公司1 | B19: 专利10 | C19: 公司1 | D19: 发明专利 | E19: 44439 | F19: 受理 | H19: 是 | I19: 2000
A20: 公司1 | B20: 专利11 | C20: 公司1 | D20: 发明专利 | E20: 44483 | F20: 受理 | H20: 是 | I20: 2000
A21: 公司1 | B21: 专利12 | C21: 公司1 | D21: 实用新型 | E21: 44278 | F21: 授权 | G21: 44498 | H21: 是 | I21: 4000
A22: 公司1 | B22: 专利13 | C22: 公司1 | D22: 实用新型 | E22: 44370 | F22: 授权 | G22: 44831 | H22: 是 | I22: 4000
A23: 公司1 | B23: 专利14 | C23: 公司1 | D23: 实用新型 | E23: 44370 | F23: 授权 | G23: 44831 | H23: 是 | I23: 4000
A24: 公司1 | B24: 专利15 | C24: 公司1 | D24: 实用新型 | E24: 44375 | F24: 授权 | G24: 44554 | H24: 是 | I24: 4000
A25: 公司1 | B25: 专利16 | C25: 公司1 | D25: 实用新型 | E25: 44375 | F25: 授权 | G25: 44831 | H25: 是 | I25: 4000
A26: 公司1 | B26: 专利17 | C26: 公司1 | D26: 实用新型 | E26: 44404 | F26: 授权 | G26: 44572 | H26: 是 | I26: 4000
A27: 公司1 | B27: 专利18 | C27: 公司1 | D27: 实用新型 | E27: 44412 | F27: 授权 | G27: 44568 | H27: 是 | I27: 4000
A28: 公司1 | B28: 专利19 | C28: 公司1 | D28: 实用新型 | E28: 44413 | F28: 授权 | G28: 44572 | H28: 是 | I28: 4000
A29: 公司1 | B29: 专利20 | C29: 公司1 | D29: 实用新型 | E29: 44439 | F29: 授权 | G29: 44831 | H29: 是 | I29: 4000
A30: 公司1 | B30: 专利21 | C30: 公司1 | D30: 实用新型 | E30: 44439 | F30: 授权 | G30: 44873 | H30: 是 | I30: 4000
A31: 公司1 | B31: 专利22 | C31: 公司1 | D31: 实用新型 | E31: 44561 | F31: 授权 | G31: 44813 | H31: 是 | I31: 4000
A32: 公司1 | B32: 专利23 | C32: 公司1、公司10 | D32: 发明专利 | E32: 44726 | F32: 受理 | H32: 是 | I32: 2000
A33: 公司1 | B33: 专利24 | C33: 公司1 | D33: 发明专利 | E33: 44775 | F33: 受理 | H33: 是 | I33: 2000
A34: 公司1 | B34: 专利25 | C34: 公司1 | D34: 实用新型 | E34: 44708 | F34: 授权 | G34: 44817 | H34: 是 | I34: 4000
A35: 公司1 | B35: 专利26 | C35: 公司1 | D35: 实用新型 | E35: 44711 | F35: 授权 | G35: 44911 | H35: 是 | I35: 4000
A36: 公司1 | B36: 专利27 | C36: 公司1 | D36: 实用新型 | E36: 44725 | F36: 授权 | G36: 44915 | H36: 是 | I36: 4000
A37: 公司1 | B37: 专利28 | C37: 公司1、公司10 | D37: 实用新型 | E37: 44725 | F37: 授权 | G37: 44880 | H37: 是 | I37: 4000
A38: 公司1 | B38: 专利29 | C38: 公司1、公司10 | D38: 实用新型 | E38: 44723 | F38: 授权 | G38: 44838 | H38: 是 | I38: 4000
A39: 公司1 | B39: 专利30 | C39: 公司1 | D39: 实用新型 | E39: 44729 | F39: 授权 | G39: 44911 | H39: 是 | I39: 4000
A40: 公司1 | B40: 专利31 | C40: 公司1 | D40: 实用新型 | E40: 44749 | F40: 授权 | G40: 44873 | H40: 是 | I40: 4000
A41: 公司1 | B41: 专利32 | C41: 公司1 | D41: 实用新型 | E41: 44764 | F41: 授权 | G41: 44901 | H41: 是 | I41: 4000
A42: 公司1 | B42: 专利33 | C42: 公司1 | D42: 实用新型 | E42: 44770 | F42: 授权 | G42: 44897 | H42: 是 | I42: 4000
A43: 公司1 | B43: 专利34 | C43: 公司1 | D43: 实用新型 | E43: 44775 | F43: 授权 | G43: 45265 | H43: 是 | I43: 4000
A44: 公司1 | B44: 专利35 | C44: 公司1 | D44: 实用新型 | E44: 44798 | F44: 授权 | G44: 44901 | H44: 是 | I44: 4000
A45: 公司1 | B45: 专利36 | C45: 公司1 | D45: 实用新型 | E45: 44798 | F45: 授权 | G45: 44915 | H45: 是 | I45: 4000
... A51: 公司1 | B51: 专利42 | C51: 公司1 | D51: 实用新型 | E51: 44918 | F51: 授权 | G51: 45114 | H51: 是 | I51: 4000
A52: 公司1 | B52: 专利43 | C52: 公司1 | D52: 发明专利 | E52: 45020 | F52: 受理 | H52: 是 | I52: 2000
A53: 公司1 | B53: 专利44 | C53: 公司1 | D53: 发明专利 | E53: 45086 | F53: 受理 | H53: 是 | I53: 2000
A54: 公司1 | B54: 专利45 | C54: 公司1 | D54: 发明专利 | E54: 45089 | F54: 受理 | H54: 是 | I54: 2000
A55: 公司1 | B55: 专利46 | C55: 公司1 | D55: 发明专利 | E55: 45138 | F55: 受理 | H55: 是 | I55: 2000
A56: 公司1 | B56: 专利47 | C56: 公司1、公司12 | D56: 实用新型 | E56: 45002 | F56: 授权 | G56: 45331 | H56: 是 | I56: 4000
A57: 公司1 | B57: 专利48 | C57: 公司1 | D57: 实用新型 | E57: 45028 | F57: 授权 | G57: 45191 | H57: 是 | I57: 4000
A58: 公司1 | B58: 专利49 | C58: 公司1 | D58: 实用新型 | E58: 45063 | F58: 授权 | G58: 45191 | H58: 是 | I58: 4000
A59: 公司1 | B59: 专利50 | C59: 公司1 | D59: 实用新型 | E59: 45063 | F59: 授权 | G59: 45265 | H59: 是 | I59: 4000
A60: 公司1 | B60: 专利51 | C60: 公司1、公司13 | D60: 实用新型 | E60: 45086 | F60: 授权 | G60: 45261 | H60: 是 | I60: 4000
A61: 公司1 | B61: 专利52 | C61: 公司1 | D61: 实用新型 | E61: 45089 | F61: 授权 | G61: 45265 | H61: 是 | I61: 4000
A62: 公司1 | B62: 专利53 | C62: 公司1 | D62: 实用新型 | E62: 45140 | F62: 授权 | G62: 45328 | H62: 是 | I62: 4000
A63: 公司1 | B63: 专利54 | C63: 公司1 | D63: 实用新型 | E63: 45142 | F63: 授权 | G63: 45373 | H63: 是 | I63: 4000
A64: 公司1 | B64: 专利55 | C64: 公司1 | D64: 实用新型 | E64: 45142 | F64: 授权 | G64: 45328 | H64: 是 | I64: 4000
A65: 公司1 | B65: 专利56 | C65: 公司1 | D65: 实用新型 | E65: 45146 | F65: 授权 | G65: 45373 | H65: 是 | I65: 4000
A66: 公司1 | B66: 专利57 | C66: 公司1 | D66: 实用新型 | E66: 45155 | F66: 授权 | G66: 45373 | H66: 是 | I66: 4000
A67: 公司1 | B67: 专利58 | C67: 公司1 | D67: 实用新型 | E67: 45162 | F67: 授权 | G67: 45405 | H67: 是 | I67: 4000
... A72: 公司3 | B72: 专利63 | C72: 公司3、公司11 | D72: 实用新型 | E72: 42374 | F72: 申请撤回 | G72: 42634 | H72: 是 | I72: 300
A73: 公司3 | B73: 专利64 | C73: 公司3 | D73: 发明专利 | E73: 43874 | F73: 申请被驳回 | H73: 否 | I73: 600
A74: 公司3 | B74: 专利65 | C74: 公司3 | D74: 发明专利 | E74: 43874 | F74: 申请被驳回 | H74: 否 | I74: 600
A75: 公司3 | B75: 专利66 | C75: 公司3 | D75: 发明专利 | E75: 44013 | F75: 授权 | G75: 44635 | H75: 否 | I75: 10000
A76: 公司3 | B76: 专利67 | C76: 公司3 | D76: 发明专利 | E76: 44398 | F76: 受理 | H76: 是 | I76: 2000
A77: 公司3 | B77: 专利68 | C77: 公司3 | D77: 实用新型 | E77: 44502 | F77: 授权 | G77: 44873 | H77: 是 | I77: 4000
A78: 公司3 | B78: 专利69 | C78: 公司3 | D78: 实用新型 | E78: 44554 | F78: 授权 | G78: 44901 | H78: 是 | I78: 4000
A79: 公司3 | B79: 专利70 | C79: 公司3 | D79: 发明专利 | E79: 44736 | F79: 授权 | G79: 44852 | H79: 否 | I79: 10000
A80: 公司3 | B80: 专利71 | C80: 公司3 | D80: 实用新型 | E80: 44827 | F80: 授权 | G80: 45114 | H80: 是 | I80: 4000
A81: 公司3 | B81: 专利72 | C81: 公司3 | D81: 发明专利 | E81: 45154 | F81: 授权 | G81: 45412 | H81: 否 | I81: 10000
A82: 公司3 | B82: 专利73 | C82: 公司3 | D82: 发明专利 | E82: 45285 | F82: 授权 | G82: 45391 | H82: 否 | I82: 10000
A83: 公司3 | B83: 专利74 | C83: 公司3 | D83: 实用新型 | E83: 44981 | F83: 授权 | G83: 45149 | H83: 是 | I83: 4000
A84: 公司3 | B84: 专利75 | C84: 公司3 | D84: 实用新型 | E84: 45091 | F84: 授权 | G84: 45265 | H84: 是 | I84: 4000
A85: 公司3 | B85: 专利76 | C85: 公司3 | D85: 发明专利 | E85: 45300 | F85: 授权 | G85: 45380 | H85: 是 | I85: 15000
A86: 公司2 | B86: 专利77 | C86: 公司2 | D86: 实用新型 | E86: 42949 | F86: 授权 | G86: 43168 | H86: 是 | I86: 4000
A87: 公司2 | B87: 专利78 | C87: 公司2 | D87: 实用新型 | E87: 42949 | F87: 授权 | G87: 43168 | H87: 是 | I87: 4000
A88: 公司2 | B88: 专利79 | C88: 公司2 | D88: 实用新型 | E88: 43343 | F88: 授权 | G88: 43546 | H88: 是 | I88: 4000
... A95: 公司2 | B95: 专利86 | C95: 公司2 | D95: 实用新型 | E95: 43735 | F95: 授权 | G95: 43977 | H95: 是 | I95: 4000
A96: 公司2 | B96: 专利87 | C96: 公司2 | D96: 发明专利 | E96: 44117 | F96: 申请被驳回 | H96: 是 | I96: 600
A97: 公司2 | B97: 专利88 | C97: 公司2 | D97: 实用新型 | E97: 44117 | F97: 授权 | G97: 44313 | H97: 是 | I97: 4000
A98: 公司2 | B98: 专利89 | C98: 公司2 | D98: 实用新型 | E98: 44117 | F98: 授权 | G98: 44313 | H98: 是 | I98: 4000
A99: 公司2 | B99: 专利90 | C99: 公司2 | D99: 实用新型 | E99: 44127 | F99: 授权 | G99: 44351 | H99: 是 | I99: 4000
A100: 公司2 | B100: 专利91 | C100: 公司2 | D100: 实用新型 | E100: 44127 | F100: 授权 | G100: 44313 | H100: 是 | I100: 4000
A101: 公司2 | B101: 专利92 | C101: 公司2 | D101: 实用新型 | E101: 44127 | F101: 授权 | G101: 44348 | H101: 是 | I101: 4000
A102: 公司2 | B102: 专利93 | C102: 公司2 | D102: 实用新型 | E102: 44414 | F102: 授权 | G102: 44554 | H102: 是 | I102: 4000
A103: 公司2 | B103: 专利94 | C103: 公司2 | D103: 实用新型 | E103: 44414 | F103: 授权 | G103: 44691 | H103: 是 | I103: 4000
A104: 公司2 | B104: 专利95 | C104: 公司2 | D104: 实用新型 | E104: 44414 | F104: 授权 | G104: 44572 | H104: 是 | I104: 4000
A105: 公司2 | B105: 专利96 | C105: 公司2 | D105: 实用新型 | E105: 44414 | F105: 授权 | G105: 44572 | H105: 是 | I105: 4000
A106: 公司2 | B106: 专利97 | C106: 公司2 | D106: 实用新型 | E106: 44418 | F106: 授权 | G106: 44831 | H106: 是 | I106: 4000
A107: 公司2 | B107: 专利98 | C107: 公司2 | D107: 实用新型 | E107: 44568 | F107: 授权 | G107: 44789 | H107: 是 | I107: 4000
A108: 公司2 | B108: 专利99 | C108: 公司2 | D108: 实用新型 | E108: 44714 | F108: 授权 | G108: 44817 | H108: 是 | I108: 4000
... A119: 公司2 | B119: 专利110 | C119: 公司2 | D119: 实用新型 | E119: 44845 | F119: 授权 | G119: 45072 | H119: 是 | I119: 4000
A120: 公司2 | B120: 专利111 | C120: 公司2、公司14 | D120: 发明专利 | E120: 45218 | F120: 受理 | H120: 是 | I120: 2000
A121: 公司2 | B121: 专利112 | C121: 公司2 | D121: 实用新型 | E121: 44987 | F121: 授权 | G121: 45184 | H121: 是 | I121: 4000
A122: 公司2 | B122: 专利113 | C122: 公司2 | D122: 实用新型 | E122: 44992 | F122: 授权 | G122: 45149 | H122: 是 | I122: 4000
A123: 公司2 | B123: 专利114 | C123: 公司2 | D123: 实用新型 | E123: 45029 | F123: 授权 | G123: 45226 | H123: 是 | I123: 4000
A124: 公司2 | B124: 专利115 | C124: 公司2 | D124: 实用新型 | E124: 45036 | F124: 授权 | G124: 45265 | H124: 是 | I124: 4000
A125: 公司2 | B125: 专利116 | C125: 公司2 | D125: 实用新型 | E125: 45065 | F125: 授权 | G125: 45265 | H125: 是 | I125: 4000
A126: 公司2 | B126: 专利117 | C126: 公司2 | D126: 实用新型 | E126: 45065 | F126: 授权 | G126: 45226 | H126: 是 | I126: 4000
...
